{"content":[{"id":"7c67c8e8","settings":{"gap":"no","structure":"20","background_background":"classic","background_color":"#00749A","background_image":{"url":"https:\/\/brigadechild.wpengine.com\/wp-content\/uploads\/2021\/09\/8-Work-Together.png","id":398,"alt":"see it your self background","source":"library"},"background_position":"center right","background_repeat":"no-repeat","background_size":"cover","padding":{"unit":"px","top":"60","right":"0","bottom":"60","left":"0","isLinked":false},"__globals__":{"background_color":""},"layout":"full_width","background_xpos":{"unit":"%","size":100,"sizes":[]},"background_ypos":{"unit":"%","size":100,"sizes":[]}},"elements":[{"id":"2e60e20e","settings":{"_column_size":50,"_inline_size":50,"content_position":"center","align":"flex-end"},"elements":[{"id":"69a3c29a","settings":{"gap":"no","custom_css":"selector{\n    max-width: 585px\n}"},"elements":[{"id":"6ec0f7a7","settings":{"_column_size":100,"_inline_size":null},"elements":[{"id":"21ea4279","settings":{"title":"Benefits of Using dokshop\u2122","title_color":"#CADC56","_element_width":"initial","_element_custom_width":{"unit":"px","size":471,"sizes":[]},"__globals__":{"title_color":""}},"elements":[],"isInner":false,"widgetType":"heading","elType":"widget"},{"id":"5827b2f","settings":{"editor":"<ul><li>Maintain Brand Consistency Across Locations<\/li><li>Proprietary Software Customized to Your Business Needs<\/li><li>One Portal for All Print, Signage, Promo and Apparel Needs<\/li><li>Data Analytics to Assess Usage and Inventory<\/li><li>Vendor Streamlining for Maximum Cost Efficiency<\/li><\/ul>","text_color":"#FFFFFF","typography_typography":"custom","typography_font_family":"Open Sans","typography_font_size":{"unit":"px","size":24,"sizes":[]},"typography_font_weight":"700","typography_line_height":{"unit":"px","size":"","sizes":[]},"_margin":{"unit":"px","top":"20","right":"0","bottom":"0","left":"0","isLinked":false},"_css_classes":"benefit_list","_element_width":"initial","_element_custom_width":{"unit":"px","size":480,"sizes":[]},"custom_css":".benefit_list li{\n    margin-bottom: 24px\n}"},"elements":[],"isInner":false,"widgetType":"text-editor","elType":"widget"}],"isInner":true,"elType":"column"}],"isInner":true,"elType":"section"}],"isInner":false,"elType":"column"},{"id":"2b3dcb11","settings":{"_column_size":50,"_inline_size":50,"content_position":"center","align":"flex-start","background_background":"classic","background_color":"#EDFBFF"},"elements":[{"id":"3cdf8197","settings":{"background_background":"classic","gap":"no","padding":{"unit":"px","top":"60","right":"0","bottom":"60","left":"55","isLinked":false},"custom_css":"selector{\n    max-width: 600px\n}"},"elements":[{"id":"65bc9815","settings":{"_column_size":100,"_inline_size":null},"elements":[{"id":"1039cf81","settings":{"title":"See It For Yourself","header_size":"h3","_padding":{"unit":"px","top":"0","right":"15","bottom":"0","left":"15","isLinked":false}},"elements":[],"isInner":false,"widgetType":"heading","elType":"widget"},{"id":"7622605d","settings":{"editor":"<p>Ready to streamline your marketing processes while maintaining brand standards across locations?<\/p>","_padding":{"unit":"px","top":"0","right":"15","bottom":"0","left":"15","isLinked":false},"_element_width":"initial","_element_custom_width":{"unit":"px","size":544,"sizes":[]}},"elements":[],"isInner":false,"widgetType":"text-editor","elType":"widget"},{"id":"4a686732","settings":{"_margin":{"unit":"px","top":"35","right":"0","bottom":"0","left":"0","isLinked":false}},"elements":[],"isInner":false,"widgetType":"wp-widget-gform_widget","elType":"widget"}],"isInner":true,"elType":"column"}],"isInner":true,"elType":"section"}],"isInner":false,"elType":"column"}],"isInner":false,"elType":"section"}],"page_settings":{"hide_title":"yes"},"version":"0.4","title":"see it your self section","type":"section"}