{"content":[{"id":"6e8f9457","settings":{"structure":"20","layout":"full_width","gap":"no","css_classes":"zigzag-section zigzag-reverse","padding":{"unit":"px","top":"0","right":"0","bottom":"0","left":"0","isLinked":true},"background_background":"classic","__globals__":{"background_color":""}},"elements":[{"id":"1f1b7392","settings":{"_column_size":50,"_inline_size":52.37,"background_background":"classic","background_image":{"url":"https:\/\/brigadechild.wpengine.com\/wp-content\/uploads\/2021\/08\/zigzag-section-thumbnail1.png","id":34,"alt":"zigzag section thumbnail","source":"library"},"background_position":"center center","background_repeat":"no-repeat","background_size":"cover","css_classes":"zigzap-thumbnail","padding_mobile":{"unit":"%","top":"0","right":"0","bottom":"0","left":"0","isLinked":false}},"elements":[],"isInner":false,"elType":"column"},{"id":"7c7096e7","settings":{"_column_size":50,"_inline_size":47.6,"align":"flex-end","align_mobile":"flex-start","content_position":"center","background_background":"classic","padding":{"unit":"px","top":"70","right":"0","bottom":"70","left":"30","isLinked":false},"padding_tablet":{"unit":"px","top":"30","right":"0","bottom":"30","left":"15","isLinked":false}},"elements":[{"id":"754dbf71","settings":{"css_classes":"zigzag-content"},"elements":[{"id":"7383c881","settings":{"_column_size":100,"_inline_size":null,"padding":{"unit":"px","top":"0","right":"15","bottom":"0","left":"0","isLinked":false},"content_position":"center","background_background":"classic","__globals__":{"background_color":""}},"elements":[{"id":"27297d96","settings":{"title":"Dedicated to Your Diverse Needs","_margin":{"unit":"px","top":"0","right":"0","bottom":"0","left":"0","isLinked":false},"_element_width":"initial","_element_custom_width":{"unit":"px","size":490,"sizes":[]},"header_size":"h3"},"elements":[],"isInner":false,"widgetType":"heading","elType":"widget"},{"id":"340f5480","settings":{"editor":"<p>We\u2019re proud to offer in-house services for everything from large-scale printing to mailing to meet the ever-changing needs of your marketing organization.&nbsp;<\/p>","_margin":{"unit":"px","top":"33","right":"0","bottom":"0","left":"0","isLinked":false},"_element_width":"initial","_element_custom_width":{"unit":"px","size":452,"sizes":[]},"typography_font_size":{"unit":"px","size":21,"sizes":[]},"typography_font_weight":"400","typography_line_height":{"unit":"px","size":30,"sizes":[]}},"elements":[],"isInner":false,"widgetType":"text-editor","elType":"widget"},{"id":"1c9c81c","settings":{"text":"learn more","typography_typography":"custom","typography_text_transform":"capitalize","_margin":{"unit":"px","top":"35","right":"0","bottom":"0","left":"0","isLinked":false},"_css_classes":"simple-button","_element_width":"auto","typography_font_size":{"unit":"px","size":21,"sizes":[]}},"elements":[],"isInner":false,"widgetType":"button","elType":"widget"}],"isInner":true,"elType":"column"}],"isInner":true,"elType":"section"}],"isInner":false,"elType":"column"}],"isInner":false,"elType":"section"}],"page_settings":{"hide_title":"yes"},"version":"0.4","title":"zigzag section","type":"section"}